row_number,variable_name,issue_type,current_value,details,missing_category
17,FatherOccupation,Missing Value,NaN,"Missing value in column ""FatherOccupation""",core
1,IfYesSourceOfInformationAboutMensturation,Missing Value,NaN,"Missing value in column ""IfYesSourceOfInformationAboutMensturation""",conditional
2,IfYesSourceOfInformationAboutMensturation,Missing Value,NaN,"Missing value in column ""IfYesSourceOfInformationAboutMensturation""",conditional
3,IfYesSourceOfInformationAboutMensturation,Missing Value,NaN,"Missing value in column ""IfYesSourceOfInformationAboutMensturation""",conditional
4,IfYesSourceOfInformationAboutMensturation,Missing Value,NaN,"Missing value in column ""IfYesSourceOfInformationAboutMensturation""",conditional
5,IfYesSourceOfInformationAboutMensturation,Missing Value,NaN,"Missing value in column ""IfYesSourceOfInformationAboutMensturation""",conditional
7,IfYesSourceOfInformationAboutMensturation,Missing Value,NaN,"Missing value in column ""IfYesSourceOfInformationAboutMensturation""",conditional
8,IfYesSourceOfInformationAboutMensturation,Missing Value,NaN,"Missing value in column ""IfYesSourceOfInformationAboutMensturation""",conditional
9,IfYesSourceOfInformationAboutMensturation,Missing Value,NaN,"Missing value in column ""IfYesSourceOfInformationAboutMensturation""",conditional
10,IfYesSourceOfInformationAboutMensturation,Missing Value,NaN,"Missing value in column ""IfYesSourceOfInformationAboutMensturation""",conditional
11,IfYesSourceOfInformationAboutMensturation,Missing Value,NaN,"Missing value in column ""IfYesSourceOfInformationAboutMensturation""",conditional
14,IfYesSourceOfInformationAboutMensturation,Missing Value,NaN,"Missing value in column ""IfYesSourceOfInformationAboutMensturation""",conditional
15,IfYesSourceOfInformationAboutMensturation,Missing Value,NaN,"Missing value in column ""IfYesSourceOfInformationAboutMensturation""",conditional
16,IfYesSourceOfInformationAboutMensturation,Missing Value,NaN,"Missing value in column ""IfYesSourceOfInformationAboutMensturation""",conditional
17,IfYesSourceOfInformationAboutMensturation,Missing Value,NaN,"Missing value in column ""IfYesSourceOfInformationAboutMensturation""",conditional
18,IfYesSourceOfInformationAboutMensturation,Missing Value,NaN,"Missing value in column ""IfYesSourceOfInformationAboutMensturation""",conditional
20,IfYesSourceOfInformationAboutMensturation,Missing Value,NaN,"Missing value in column ""IfYesSourceOfInformationAboutMensturation""",conditional
21,IfYesSourceOfInformationAboutMensturation,Missing Value,NaN,"Missing value in column ""IfYesSourceOfInformationAboutMensturation""",conditional
23,IfYesSourceOfInformationAboutMensturation,Missing Value,NaN,"Missing value in column ""IfYesSourceOfInformationAboutMensturation""",conditional
27,IfYesSourceOfInformationAboutMensturation,Missing Value,NaN,"Missing value in column ""IfYesSourceOfInformationAboutMensturation""",conditional
30,IfYesSourceOfInformationAboutMensturation,Missing Value,NaN,"Missing value in column ""IfYesSourceOfInformationAboutMensturation""",conditional
31,IfYesSourceOfInformationAboutMensturation,Missing Value,NaN,"Missing value in column ""IfYesSourceOfInformationAboutMensturation""",conditional
32,IfYesSourceOfInformationAboutMensturation,Missing Value,NaN,"Missing value in column ""IfYesSourceOfInformationAboutMensturation""",conditional
33,IfYesSourceOfInformationAboutMensturation,Missing Value,NaN,"Missing value in column ""IfYesSourceOfInformationAboutMensturation""",conditional
34,IfYesSourceOfInformationAboutMensturation,Missing Value,NaN,"Missing value in column ""IfYesSourceOfInformationAboutMensturation""",conditional
35,IfYesSourceOfInformationAboutMensturation,Missing Value,NaN,"Missing value in column ""IfYesSourceOfInformationAboutMensturation""",conditional
36,IfYesSourceOfInformationAboutMensturation,Missing Value,NaN,"Missing value in column ""IfYesSourceOfInformationAboutMensturation""",conditional
37,IfYesSourceOfInformationAboutMensturation,Missing Value,NaN,"Missing value in column ""IfYesSourceOfInformationAboutMensturation""",conditional
40,IfYesSourceOfInformationAboutMensturation,Missing Value,NaN,"Missing value in column ""IfYesSourceOfInformationAboutMensturation""",conditional
41,IfYesSourceOfInformationAboutMensturation,Missing Value,NaN,"Missing value in column ""IfYesSourceOfInformationAboutMensturation""",conditional
42,IfYesSourceOfInformationAboutMensturation,Missing Value,NaN,"Missing value in column ""IfYesSourceOfInformationAboutMensturation""",conditional
44,IfYesSourceOfInformationAboutMensturation,Missing Value,NaN,"Missing value in column ""IfYesSourceOfInformationAboutMensturation""",conditional
48,IfYesSourceOfInformationAboutMensturation,Missing Value,NaN,"Missing value in column ""IfYesSourceOfInformationAboutMensturation""",conditional
49,IfYesSourceOfInformationAboutMensturation,Missing Value,NaN,"Missing value in column ""IfYesSourceOfInformationAboutMensturation""",conditional
50,IfYesSourceOfInformationAboutMensturation,Missing Value,NaN,"Missing value in column ""IfYesSourceOfInformationAboutMensturation""",conditional
51,IfYesSourceOfInformationAboutMensturation,Missing Value,NaN,"Missing value in column ""IfYesSourceOfInformationAboutMensturation""",conditional
52,IfYesSourceOfInformationAboutMensturation,Missing Value,NaN,"Missing value in column ""IfYesSourceOfInformationAboutMensturation""",conditional
53,IfYesSourceOfInformationAboutMensturation,Missing Value,NaN,"Missing value in column ""IfYesSourceOfInformationAboutMensturation""",conditional
54,IfYesSourceOfInformationAboutMensturation,Missing Value,NaN,"Missing value in column ""IfYesSourceOfInformationAboutMensturation""",conditional
55,IfYesSourceOfInformationAboutMensturation,Missing Value,NaN,"Missing value in column ""IfYesSourceOfInformationAboutMensturation""",conditional
56,IfYesSourceOfInformationAboutMensturation,Missing Value,NaN,"Missing value in column ""IfYesSourceOfInformationAboutMensturation""",conditional
57,IfYesSourceOfInformationAboutMensturation,Missing Value,NaN,"Missing value in column ""IfYesSourceOfInformationAboutMensturation""",conditional
58,IfYesSourceOfInformationAboutMensturation,Missing Value,NaN,"Missing value in column ""IfYesSourceOfInformationAboutMensturation""",conditional
61,IfYesSourceOfInformationAboutMensturation,Missing Value,NaN,"Missing value in column ""IfYesSourceOfInformationAboutMensturation""",conditional
62,IfYesSourceOfInformationAboutMensturation,Missing Value,NaN,"Missing value in column ""IfYesSourceOfInformationAboutMensturation""",conditional
63,IfYesSourceOfInformationAboutMensturation,Missing Value,NaN,"Missing value in column ""IfYesSourceOfInformationAboutMensturation""",conditional
64,IfYesSourceOfInformationAboutMensturation,Missing Value,NaN,"Missing value in column ""IfYesSourceOfInformationAboutMensturation""",conditional
65,IfYesSourceOfInformationAboutMensturation,Missing Value,NaN,"Missing value in column ""IfYesSourceOfInformationAboutMensturation""",conditional
66,IfYesSourceOfInformationAboutMensturation,Missing Value,NaN,"Missing value in column ""IfYesSourceOfInformationAboutMensturation""",conditional
68,IfYesSourceOfInformationAboutMensturation,Missing Value,NaN,"Missing value in column ""IfYesSourceOfInformationAboutMensturation""",conditional
69,IfYesSourceOfInformationAboutMensturation,Missing Value,NaN,"Missing value in column ""IfYesSourceOfInformationAboutMensturation""",conditional
71,IfYesSourceOfInformationAboutMensturation,Missing Value,NaN,"Missing value in column ""IfYesSourceOfInformationAboutMensturation""",conditional
72,IfYesSourceOfInformationAboutMensturation,Missing Value,NaN,"Missing value in column ""IfYesSourceOfInformationAboutMensturation""",conditional
73,IfYesSourceOfInformationAboutMensturation,Missing Value,NaN,"Missing value in column ""IfYesSourceOfInformationAboutMensturation""",conditional
74,IfYesSourceOfInformationAboutMensturation,Missing Value,NaN,"Missing value in column ""IfYesSourceOfInformationAboutMensturation""",conditional
75,IfYesSourceOfInformationAboutMensturation,Missing Value,NaN,"Missing value in column ""IfYesSourceOfInformationAboutMensturation""",conditional
76,IfYesSourceOfInformationAboutMensturation,Missing Value,NaN,"Missing value in column ""IfYesSourceOfInformationAboutMensturation""",conditional
77,IfYesSourceOfInformationAboutMensturation,Missing Value,NaN,"Missing value in column ""IfYesSourceOfInformationAboutMensturation""",conditional
78,IfYesSourceOfInformationAboutMensturation,Missing Value,NaN,"Missing value in column ""IfYesSourceOfInformationAboutMensturation""",conditional
79,IfYesSourceOfInformationAboutMensturation,Missing Value,NaN,"Missing value in column ""IfYesSourceOfInformationAboutMensturation""",conditional
80,IfYesSourceOfInformationAboutMensturation,Missing Value,NaN,"Missing value in column ""IfYesSourceOfInformationAboutMensturation""",conditional
81,IfYesSourceOfInformationAboutMensturation,Missing Value,NaN,"Missing value in column ""IfYesSourceOfInformationAboutMensturation""",conditional
83,IfYesSourceOfInformationAboutMensturation,Missing Value,NaN,"Missing value in column ""IfYesSourceOfInformationAboutMensturation""",conditional
84,IfYesSourceOfInformationAboutMensturation,Missing Value,NaN,"Missing value in column ""IfYesSourceOfInformationAboutMensturation""",conditional
85,IfYesSourceOfInformationAboutMensturation,Missing Value,NaN,"Missing value in column ""IfYesSourceOfInformationAboutMensturation""",conditional
87,IfYesSourceOfInformationAboutMensturation,Missing Value,NaN,"Missing value in column ""IfYesSourceOfInformationAboutMensturation""",conditional
88,IfYesSourceOfInformationAboutMensturation,Missing Value,NaN,"Missing value in column ""IfYesSourceOfInformationAboutMensturation""",conditional
90,IfYesSourceOfInformationAboutMensturation,Missing Value,NaN,"Missing value in column ""IfYesSourceOfInformationAboutMensturation""",conditional
91,IfYesSourceOfInformationAboutMensturation,Missing Value,NaN,"Missing value in column ""IfYesSourceOfInformationAboutMensturation""",conditional
92,IfYesSourceOfInformationAboutMensturation,Missing Value,NaN,"Missing value in column ""IfYesSourceOfInformationAboutMensturation""",conditional
93,IfYesSourceOfInformationAboutMensturation,Missing Value,NaN,"Missing value in column ""IfYesSourceOfInformationAboutMensturation""",conditional
94,IfYesSourceOfInformationAboutMensturation,Missing Value,NaN,"Missing value in column ""IfYesSourceOfInformationAboutMensturation""",conditional
95,IfYesSourceOfInformationAboutMensturation,Missing Value,NaN,"Missing value in column ""IfYesSourceOfInformationAboutMensturation""",conditional
96,IfYesSourceOfInformationAboutMensturation,Missing Value,NaN,"Missing value in column ""IfYesSourceOfInformationAboutMensturation""",conditional
97,IfYesSourceOfInformationAboutMensturation,Missing Value,NaN,"Missing value in column ""IfYesSourceOfInformationAboutMensturation""",conditional
98,IfYesSourceOfInformationAboutMensturation,Missing Value,NaN,"Missing value in column ""IfYesSourceOfInformationAboutMensturation""",conditional
99,IfYesSourceOfInformationAboutMensturation,Missing Value,NaN,"Missing value in column ""IfYesSourceOfInformationAboutMensturation""",conditional
100,IfYesSourceOfInformationAboutMensturation,Missing Value,NaN,"Missing value in column ""IfYesSourceOfInformationAboutMensturation""",conditional
101,IfYesSourceOfInformationAboutMensturation,Missing Value,NaN,"Missing value in column ""IfYesSourceOfInformationAboutMensturation""",conditional
102,IfYesSourceOfInformationAboutMensturation,Missing Value,NaN,"Missing value in column ""IfYesSourceOfInformationAboutMensturation""",conditional
103,IfYesSourceOfInformationAboutMensturation,Missing Value,NaN,"Missing value in column ""IfYesSourceOfInformationAboutMensturation""",conditional
106,IfYesSourceOfInformationAboutMensturation,Missing Value,NaN,"Missing value in column ""IfYesSourceOfInformationAboutMensturation""",conditional
107,IfYesSourceOfInformationAboutMensturation,Missing Value,NaN,"Missing value in column ""IfYesSourceOfInformationAboutMensturation""",conditional
108,IfYesSourceOfInformationAboutMensturation,Missing Value,NaN,"Missing value in column ""IfYesSourceOfInformationAboutMensturation""",conditional
109,IfYesSourceOfInformationAboutMensturation,Missing Value,NaN,"Missing value in column ""IfYesSourceOfInformationAboutMensturation""",conditional
110,IfYesSourceOfInformationAboutMensturation,Missing Value,NaN,"Missing value in column ""IfYesSourceOfInformationAboutMensturation""",conditional
111,IfYesSourceOfInformationAboutMensturation,Missing Value,NaN,"Missing value in column ""IfYesSourceOfInformationAboutMensturation""",conditional
112,IfYesSourceOfInformationAboutMensturation,Missing Value,NaN,"Missing value in column ""IfYesSourceOfInformationAboutMensturation""",conditional
113,IfYesSourceOfInformationAboutMensturation,Missing Value,NaN,"Missing value in column ""IfYesSourceOfInformationAboutMensturation""",conditional
114,IfYesSourceOfInformationAboutMensturation,Missing Value,NaN,"Missing value in column ""IfYesSourceOfInformationAboutMensturation""",conditional
115,IfYesSourceOfInformationAboutMensturation,Missing Value,NaN,"Missing value in column ""IfYesSourceOfInformationAboutMensturation""",conditional
116,IfYesSourceOfInformationAboutMensturation,Missing Value,NaN,"Missing value in column ""IfYesSourceOfInformationAboutMensturation""",conditional
117,IfYesSourceOfInformationAboutMensturation,Missing Value,NaN,"Missing value in column ""IfYesSourceOfInformationAboutMensturation""",conditional
118,IfYesSourceOfInformationAboutMensturation,Missing Value,NaN,"Missing value in column ""IfYesSourceOfInformationAboutMensturation""",conditional
119,IfYesSourceOfInformationAboutMensturation,Missing Value,NaN,"Missing value in column ""IfYesSourceOfInformationAboutMensturation""",conditional
120,IfYesSourceOfInformationAboutMensturation,Missing Value,NaN,"Missing value in column ""IfYesSourceOfInformationAboutMensturation""",conditional
1,AnyOtherSpecify,Missing Value,NaN,"Missing value in column ""AnyOtherSpecify""",conditional
2,AnyOtherSpecify,Missing Value,NaN,"Missing value in column ""AnyOtherSpecify""",conditional
3,AnyOtherSpecify,Missing Value,NaN,"Missing value in column ""AnyOtherSpecify""",conditional
4,AnyOtherSpecify,Missing Value,NaN,"Missing value in column ""AnyOtherSpecify""",conditional
5,AnyOtherSpecify,Missing Value,NaN,"Missing value in column ""AnyOtherSpecify""",conditional
6,AnyOtherSpecify,Missing Value,NaN,"Missing value in column ""AnyOtherSpecify""",conditional
7,AnyOtherSpecify,Missing Value,NaN,"Missing value in column ""AnyOtherSpecify""",conditional
8,AnyOtherSpecify,Missing Value,NaN,"Missing value in column ""AnyOtherSpecify""",conditional
9,AnyOtherSpecify,Missing Value,NaN,"Missing value in column ""AnyOtherSpecify""",conditional
10,AnyOtherSpecify,Missing Value,NaN,"Missing value in column ""AnyOtherSpecify""",conditional
11,AnyOtherSpecify,Missing Value,NaN,"Missing value in column ""AnyOtherSpecify""",conditional
12,AnyOtherSpecify,Missing Value,NaN,"Missing value in column ""AnyOtherSpecify""",conditional
13,AnyOtherSpecify,Missing Value,NaN,"Missing value in column ""AnyOtherSpecify""",conditional
14,AnyOtherSpecify,Missing Value,NaN,"Missing value in column ""AnyOtherSpecify""",conditional
15,AnyOtherSpecify,Missing Value,NaN,"Missing value in column ""AnyOtherSpecify""",conditional
16,AnyOtherSpecify,Missing Value,NaN,"Missing value in column ""AnyOtherSpecify""",conditional
17,AnyOtherSpecify,Missing Value,NaN,"Missing value in column ""AnyOtherSpecify""",conditional
18,AnyOtherSpecify,Missing Value,NaN,"Missing value in column ""AnyOtherSpecify""",conditional
19,AnyOtherSpecify,Missing Value,NaN,"Missing value in column ""AnyOtherSpecify""",conditional
20,AnyOtherSpecify,Missing Value,NaN,"Missing value in column ""AnyOtherSpecify""",conditional
21,AnyOtherSpecify,Missing Value,NaN,"Missing value in column ""AnyOtherSpecify""",conditional
22,AnyOtherSpecify,Missing Value,NaN,"Missing value in column ""AnyOtherSpecify""",conditional
23,AnyOtherSpecify,Missing Value,NaN,"Missing value in column ""AnyOtherSpecify""",conditional
24,AnyOtherSpecify,Missing Value,NaN,"Missing value in column ""AnyOtherSpecify""",conditional
25,AnyOtherSpecify,Missing Value,NaN,"Missing value in column ""AnyOtherSpecify""",conditional
26,AnyOtherSpecify,Missing Value,NaN,"Missing value in column ""AnyOtherSpecify""",conditional
27,AnyOtherSpecify,Missing Value,NaN,"Missing value in column ""AnyOtherSpecify""",conditional
28,AnyOtherSpecify,Missing Value,NaN,"Missing value in column ""AnyOtherSpecify""",conditional
29,AnyOtherSpecify,Missing Value,NaN,"Missing value in column ""AnyOtherSpecify""",conditional
30,AnyOtherSpecify,Missing Value,NaN,"Missing value in column ""AnyOtherSpecify""",conditional
31,AnyOtherSpecify,Missing Value,NaN,"Missing value in column ""AnyOtherSpecify""",conditional
32,AnyOtherSpecify,Missing Value,NaN,"Missing value in column ""AnyOtherSpecify""",conditional
33,AnyOtherSpecify,Missing Value,NaN,"Missing value in column ""AnyOtherSpecify""",conditional
34,AnyOtherSpecify,Missing Value,NaN,"Missing value in column ""AnyOtherSpecify""",conditional
35,AnyOtherSpecify,Missing Value,NaN,"Missing value in column ""AnyOtherSpecify""",conditional
36,AnyOtherSpecify,Missing Value,NaN,"Missing value in column ""AnyOtherSpecify""",conditional
37,AnyOtherSpecify,Missing Value,NaN,"Missing value in column ""AnyOtherSpecify""",conditional
38,AnyOtherSpecify,Missing Value,NaN,"Missing value in column ""AnyOtherSpecify""",conditional
39,AnyOtherSpecify,Missing Value,NaN,"Missing value in column ""AnyOtherSpecify""",conditional
40,AnyOtherSpecify,Missing Value,NaN,"Missing value in column ""AnyOtherSpecify""",conditional
41,AnyOtherSpecify,Missing Value,NaN,"Missing value in column ""AnyOtherSpecify""",conditional
42,AnyOtherSpecify,Missing Value,NaN,"Missing value in column ""AnyOtherSpecify""",conditional
43,AnyOtherSpecify,Missing Value,NaN,"Missing value in column ""AnyOtherSpecify""",conditional
44,AnyOtherSpecify,Missing Value,NaN,"Missing value in column ""AnyOtherSpecify""",conditional
45,AnyOtherSpecify,Missing Value,NaN,"Missing value in column ""AnyOtherSpecify""",conditional
46,AnyOtherSpecify,Missing Value,NaN,"Missing value in column ""AnyOtherSpecify""",conditional
47,AnyOtherSpecify,Missing Value,NaN,"Missing value in column ""AnyOtherSpecify""",conditional
48,AnyOtherSpecify,Missing Value,NaN,"Missing value in column ""AnyOtherSpecify""",conditional
49,AnyOtherSpecify,Missing Value,NaN,"Missing value in column ""AnyOtherSpecify""",conditional
50,AnyOtherSpecify,Missing Value,NaN,"Missing value in column ""AnyOtherSpecify""",conditional
51,AnyOtherSpecify,Missing Value,NaN,"Missing value in column ""AnyOtherSpecify""",conditional
52,AnyOtherSpecify,Missing Value,NaN,"Missing value in column ""AnyOtherSpecify""",conditional
53,AnyOtherSpecify,Missing Value,NaN,"Missing value in column ""AnyOtherSpecify""",conditional
54,AnyOtherSpecify,Missing Value,NaN,"Missing value in column ""AnyOtherSpecify""",conditional
55,AnyOtherSpecify,Missing Value,NaN,"Missing value in column ""AnyOtherSpecify""",conditional
56,AnyOtherSpecify,Missing Value,NaN,"Missing value in column ""AnyOtherSpecify""",conditional
57,AnyOtherSpecify,Missing Value,NaN,"Missing value in column ""AnyOtherSpecify""",conditional
58,AnyOtherSpecify,Missing Value,NaN,"Missing value in column ""AnyOtherSpecify""",conditional
59,AnyOtherSpecify,Missing Value,NaN,"Missing value in column ""AnyOtherSpecify""",conditional
60,AnyOtherSpecify,Missing Value,NaN,"Missing value in column ""AnyOtherSpecify""",conditional
61,AnyOtherSpecify,Missing Value,NaN,"Missing value in column ""AnyOtherSpecify""",conditional
62,AnyOtherSpecify,Missing Value,NaN,"Missing value in column ""AnyOtherSpecify""",conditional
63,AnyOtherSpecify,Missing Value,NaN,"Missing value in column ""AnyOtherSpecify""",conditional
64,AnyOtherSpecify,Missing Value,NaN,"Missing value in column ""AnyOtherSpecify""",conditional
65,AnyOtherSpecify,Missing Value,NaN,"Missing value in column ""AnyOtherSpecify""",conditional
66,AnyOtherSpecify,Missing Value,NaN,"Missing value in column ""AnyOtherSpecify""",conditional
67,AnyOtherSpecify,Missing Value,NaN,"Missing value in column ""AnyOtherSpecify""",conditional
68,AnyOtherSpecify,Missing Value,NaN,"Missing value in column ""AnyOtherSpecify""",conditional
69,AnyOtherSpecify,Missing Value,NaN,"Missing value in column ""AnyOtherSpecify""",conditional
70,AnyOtherSpecify,Missing Value,NaN,"Missing value in column ""AnyOtherSpecify""",conditional
71,AnyOtherSpecify,Missing Value,NaN,"Missing value in column ""AnyOtherSpecify""",conditional
72,AnyOtherSpecify,Missing Value,NaN,"Missing value in column ""AnyOtherSpecify""",conditional
73,AnyOtherSpecify,Missing Value,NaN,"Missing value in column ""AnyOtherSpecify""",conditional
74,AnyOtherSpecify,Missing Value,NaN,"Missing value in column ""AnyOtherSpecify""",conditional
75,AnyOtherSpecify,Missing Value,NaN,"Missing value in column ""AnyOtherSpecify""",conditional
76,AnyOtherSpecify,Missing Value,NaN,"Missing value in column ""AnyOtherSpecify""",conditional
77,AnyOtherSpecify,Missing Value,NaN,"Missing value in column ""AnyOtherSpecify""",conditional
78,AnyOtherSpecify,Missing Value,NaN,"Missing value in column ""AnyOtherSpecify""",conditional
79,AnyOtherSpecify,Missing Value,NaN,"Missing value in column ""AnyOtherSpecify""",conditional
80,AnyOtherSpecify,Missing Value,NaN,"Missing value in column ""AnyOtherSpecify""",conditional
81,AnyOtherSpecify,Missing Value,NaN,"Missing value in column ""AnyOtherSpecify""",conditional
82,AnyOtherSpecify,Missing Value,NaN,"Missing value in column ""AnyOtherSpecify""",conditional
83,AnyOtherSpecify,Missing Value,NaN,"Missing value in column ""AnyOtherSpecify""",conditional
84,AnyOtherSpecify,Missing Value,NaN,"Missing value in column ""AnyOtherSpecify""",conditional
85,AnyOtherSpecify,Missing Value,NaN,"Missing value in column ""AnyOtherSpecify""",conditional
86,AnyOtherSpecify,Missing Value,NaN,"Missing value in column ""AnyOtherSpecify""",conditional
87,AnyOtherSpecify,Missing Value,NaN,"Missing value in column ""AnyOtherSpecify""",conditional
88,AnyOtherSpecify,Missing Value,NaN,"Missing value in column ""AnyOtherSpecify""",conditional
89,AnyOtherSpecify,Missing Value,NaN,"Missing value in column ""AnyOtherSpecify""",conditional
90,AnyOtherSpecify,Missing Value,NaN,"Missing value in column ""AnyOtherSpecify""",conditional
91,AnyOtherSpecify,Missing Value,NaN,"Missing value in column ""AnyOtherSpecify""",conditional
92,AnyOtherSpecify,Missing Value,NaN,"Missing value in column ""AnyOtherSpecify""",conditional
93,AnyOtherSpecify,Missing Value,NaN,"Missing value in column ""AnyOtherSpecify""",conditional
94,AnyOtherSpecify,Missing Value,NaN,"Missing value in column ""AnyOtherSpecify""",conditional
95,AnyOtherSpecify,Missing Value,NaN,"Missing value in column ""AnyOtherSpecify""",conditional
96,AnyOtherSpecify,Missing Value,NaN,"Missing value in column ""AnyOtherSpecify""",conditional
97,AnyOtherSpecify,Missing Value,NaN,"Missing value in column ""AnyOtherSpecify""",conditional
98,AnyOtherSpecify,Missing Value,NaN,"Missing value in column ""AnyOtherSpecify""",conditional
99,AnyOtherSpecify,Missing Value,NaN,"Missing value in column ""AnyOtherSpecify""",conditional
100,AnyOtherSpecify,Missing Value,NaN,"Missing value in column ""AnyOtherSpecify""",conditional
101,AnyOtherSpecify,Missing Value,NaN,"Missing value in column ""AnyOtherSpecify""",conditional
102,AnyOtherSpecify,Missing Value,NaN,"Missing value in column ""AnyOtherSpecify""",conditional
103,AnyOtherSpecify,Missing Value,NaN,"Missing value in column ""AnyOtherSpecify""",conditional
104,AnyOtherSpecify,Missing Value,NaN,"Missing value in column ""AnyOtherSpecify""",conditional
105,AnyOtherSpecify,Missing Value,NaN,"Missing value in column ""AnyOtherSpecify""",conditional
106,AnyOtherSpecify,Missing Value,NaN,"Missing value in column ""AnyOtherSpecify""",conditional
107,AnyOtherSpecify,Missing Value,NaN,"Missing value in column ""AnyOtherSpecify""",conditional
108,AnyOtherSpecify,Missing Value,NaN,"Missing value in column ""AnyOtherSpecify""",conditional
109,AnyOtherSpecify,Missing Value,NaN,"Missing value in column ""AnyOtherSpecify""",conditional
110,AnyOtherSpecify,Missing Value,NaN,"Missing value in column ""AnyOtherSpecify""",conditional
111,AnyOtherSpecify,Missing Value,NaN,"Missing value in column ""AnyOtherSpecify""",conditional
112,AnyOtherSpecify,Missing Value,NaN,"Missing value in column ""AnyOtherSpecify""",conditional
113,AnyOtherSpecify,Missing Value,NaN,"Missing value in column ""AnyOtherSpecify""",conditional
114,AnyOtherSpecify,Missing Value,NaN,"Missing value in column ""AnyOtherSpecify""",conditional
115,AnyOtherSpecify,Missing Value,NaN,"Missing value in column ""AnyOtherSpecify""",conditional
116,AnyOtherSpecify,Missing Value,NaN,"Missing value in column ""AnyOtherSpecify""",conditional
117,AnyOtherSpecify,Missing Value,NaN,"Missing value in column ""AnyOtherSpecify""",conditional
118,AnyOtherSpecify,Missing Value,NaN,"Missing value in column ""AnyOtherSpecify""",conditional
119,AnyOtherSpecify,Missing Value,NaN,"Missing value in column ""AnyOtherSpecify""",conditional
120,AnyOtherSpecify,Missing Value,NaN,"Missing value in column ""AnyOtherSpecify""",conditional
1,AnyOtherPleaseSpecify,Missing Value,NaN,"Missing value in column ""AnyOtherPleaseSpecify""",conditional
2,AnyOtherPleaseSpecify,Missing Value,NaN,"Missing value in column ""AnyOtherPleaseSpecify""",conditional
3,AnyOtherPleaseSpecify,Missing Value,NaN,"Missing value in column ""AnyOtherPleaseSpecify""",conditional
4,AnyOtherPleaseSpecify,Missing Value,NaN,"Missing value in column ""AnyOtherPleaseSpecify""",conditional
5,AnyOtherPleaseSpecify,Missing Value,NaN,"Missing value in column ""AnyOtherPleaseSpecify""",conditional
6,AnyOtherPleaseSpecify,Missing Value,NaN,"Missing value in column ""AnyOtherPleaseSpecify""",conditional
7,AnyOtherPleaseSpecify,Missing Value,NaN,"Missing value in column ""AnyOtherPleaseSpecify""",conditional
8,AnyOtherPleaseSpecify,Missing Value,NaN,"Missing value in column ""AnyOtherPleaseSpecify""",conditional
9,AnyOtherPleaseSpecify,Missing Value,NaN,"Missing value in column ""AnyOtherPleaseSpecify""",conditional
10,AnyOtherPleaseSpecify,Missing Value,NaN,"Missing value in column ""AnyOtherPleaseSpecify""",conditional
11,AnyOtherPleaseSpecify,Missing Value,NaN,"Missing value in column ""AnyOtherPleaseSpecify""",conditional
12,AnyOtherPleaseSpecify,Missing Value,NaN,"Missing value in column ""AnyOtherPleaseSpecify""",conditional
13,AnyOtherPleaseSpecify,Missing Value,NaN,"Missing value in column ""AnyOtherPleaseSpecify""",conditional
14,AnyOtherPleaseSpecify,Missing Value,NaN,"Missing value in column ""AnyOtherPleaseSpecify""",conditional
15,AnyOtherPleaseSpecify,Missing Value,NaN,"Missing value in column ""AnyOtherPleaseSpecify""",conditional
16,AnyOtherPleaseSpecify,Missing Value,NaN,"Missing value in column ""AnyOtherPleaseSpecify""",conditional
17,AnyOtherPleaseSpecify,Missing Value,NaN,"Missing value in column ""AnyOtherPleaseSpecify""",conditional
18,AnyOtherPleaseSpecify,Missing Value,NaN,"Missing value in column ""AnyOtherPleaseSpecify""",conditional
19,AnyOtherPleaseSpecify,Missing Value,NaN,"Missing value in column ""AnyOtherPleaseSpecify""",conditional
20,AnyOtherPleaseSpecify,Missing Value,NaN,"Missing value in column ""AnyOtherPleaseSpecify""",conditional
21,AnyOtherPleaseSpecify,Missing Value,NaN,"Missing value in column ""AnyOtherPleaseSpecify""",conditional
22,AnyOtherPleaseSpecify,Missing Value,NaN,"Missing value in column ""AnyOtherPleaseSpecify""",conditional
23,AnyOtherPleaseSpecify,Missing Value,NaN,"Missing value in column ""AnyOtherPleaseSpecify""",conditional
24,AnyOtherPleaseSpecify,Missing Value,NaN,"Missing value in column ""AnyOtherPleaseSpecify""",conditional
25,AnyOtherPleaseSpecify,Missing Value,NaN,"Missing value in column ""AnyOtherPleaseSpecify""",conditional
26,AnyOtherPleaseSpecify,Missing Value,NaN,"Missing value in column ""AnyOtherPleaseSpecify""",conditional
27,AnyOtherPleaseSpecify,Missing Value,NaN,"Missing value in column ""AnyOtherPleaseSpecify""",conditional
28,AnyOtherPleaseSpecify,Missing Value,NaN,"Missing value in column ""AnyOtherPleaseSpecify""",conditional
29,AnyOtherPleaseSpecify,Missing Value,NaN,"Missing value in column ""AnyOtherPleaseSpecify""",conditional
30,AnyOtherPleaseSpecify,Missing Value,NaN,"Missing value in column ""AnyOtherPleaseSpecify""",conditional
31,AnyOtherPleaseSpecify,Missing Value,NaN,"Missing value in column ""AnyOtherPleaseSpecify""",conditional
32,AnyOtherPleaseSpecify,Missing Value,NaN,"Missing value in column ""AnyOtherPleaseSpecify""",conditional
33,AnyOtherPleaseSpecify,Missing Value,NaN,"Missing value in column ""AnyOtherPleaseSpecify""",conditional
34,AnyOtherPleaseSpecify,Missing Value,NaN,"Missing value in column ""AnyOtherPleaseSpecify""",conditional
35,AnyOtherPleaseSpecify,Missing Value,NaN,"Missing value in column ""AnyOtherPleaseSpecify""",conditional
36,AnyOtherPleaseSpecify,Missing Value,NaN,"Missing value in column ""AnyOtherPleaseSpecify""",conditional
37,AnyOtherPleaseSpecify,Missing Value,NaN,"Missing value in column ""AnyOtherPleaseSpecify""",conditional
38,AnyOtherPleaseSpecify,Missing Value,NaN,"Missing value in column ""AnyOtherPleaseSpecify""",conditional
39,AnyOtherPleaseSpecify,Missing Value,NaN,"Missing value in column ""AnyOtherPleaseSpecify""",conditional
40,AnyOtherPleaseSpecify,Missing Value,NaN,"Missing value in column ""AnyOtherPleaseSpecify""",conditional
41,AnyOtherPleaseSpecify,Missing Value,NaN,"Missing value in column ""AnyOtherPleaseSpecify""",conditional
42,AnyOtherPleaseSpecify,Missing Value,NaN,"Missing value in column ""AnyOtherPleaseSpecify""",conditional
43,AnyOtherPleaseSpecify,Missing Value,NaN,"Missing value in column ""AnyOtherPleaseSpecify""",conditional
44,AnyOtherPleaseSpecify,Missing Value,NaN,"Missing value in column ""AnyOtherPleaseSpecify""",conditional
45,AnyOtherPleaseSpecify,Missing Value,NaN,"Missing value in column ""AnyOtherPleaseSpecify""",conditional
46,AnyOtherPleaseSpecify,Missing Value,NaN,"Missing value in column ""AnyOtherPleaseSpecify""",conditional
47,AnyOtherPleaseSpecify,Missing Value,NaN,"Missing value in column ""AnyOtherPleaseSpecify""",conditional
48,AnyOtherPleaseSpecify,Missing Value,NaN,"Missing value in column ""AnyOtherPleaseSpecify""",conditional
49,AnyOtherPleaseSpecify,Missing Value,NaN,"Missing value in column ""AnyOtherPleaseSpecify""",conditional
50,AnyOtherPleaseSpecify,Missing Value,NaN,"Missing value in column ""AnyOtherPleaseSpecify""",conditional
51,AnyOtherPleaseSpecify,Missing Value,NaN,"Missing value in column ""AnyOtherPleaseSpecify""",conditional
52,AnyOtherPleaseSpecify,Missing Value,NaN,"Missing value in column ""AnyOtherPleaseSpecify""",conditional
53,AnyOtherPleaseSpecify,Missing Value,NaN,"Missing value in column ""AnyOtherPleaseSpecify""",conditional
54,AnyOtherPleaseSpecify,Missing Value,NaN,"Missing value in column ""AnyOtherPleaseSpecify""",conditional
55,AnyOtherPleaseSpecify,Missing Value,NaN,"Missing value in column ""AnyOtherPleaseSpecify""",conditional
56,AnyOtherPleaseSpecify,Missing Value,NaN,"Missing value in column ""AnyOtherPleaseSpecify""",conditional
57,AnyOtherPleaseSpecify,Missing Value,NaN,"Missing value in column ""AnyOtherPleaseSpecify""",conditional
58,AnyOtherPleaseSpecify,Missing Value,NaN,"Missing value in column ""AnyOtherPleaseSpecify""",conditional
59,AnyOtherPleaseSpecify,Missing Value,NaN,"Missing value in column ""AnyOtherPleaseSpecify""",conditional
60,AnyOtherPleaseSpecify,Missing Value,NaN,"Missing value in column ""AnyOtherPleaseSpecify""",conditional
61,AnyOtherPleaseSpecify,Missing Value,NaN,"Missing value in column ""AnyOtherPleaseSpecify""",conditional
62,AnyOtherPleaseSpecify,Missing Value,NaN,"Missing value in column ""AnyOtherPleaseSpecify""",conditional
63,AnyOtherPleaseSpecify,Missing Value,NaN,"Missing value in column ""AnyOtherPleaseSpecify""",conditional
64,AnyOtherPleaseSpecify,Missing Value,NaN,"Missing value in column ""AnyOtherPleaseSpecify""",conditional
65,AnyOtherPleaseSpecify,Missing Value,NaN,"Missing value in column ""AnyOtherPleaseSpecify""",conditional
66,AnyOtherPleaseSpecify,Missing Value,NaN,"Missing value in column ""AnyOtherPleaseSpecify""",conditional
67,AnyOtherPleaseSpecify,Missing Value,NaN,"Missing value in column ""AnyOtherPleaseSpecify""",conditional
68,AnyOtherPleaseSpecify,Missing Value,NaN,"Missing value in column ""AnyOtherPleaseSpecify""",conditional
69,AnyOtherPleaseSpecify,Missing Value,NaN,"Missing value in column ""AnyOtherPleaseSpecify""",conditional
70,AnyOtherPleaseSpecify,Missing Value,NaN,"Missing value in column ""AnyOtherPleaseSpecify""",conditional
71,AnyOtherPleaseSpecify,Missing Value,NaN,"Missing value in column ""AnyOtherPleaseSpecify""",conditional
72,AnyOtherPleaseSpecify,Missing Value,NaN,"Missing value in column ""AnyOtherPleaseSpecify""",conditional
73,AnyOtherPleaseSpecify,Missing Value,NaN,"Missing value in column ""AnyOtherPleaseSpecify""",conditional
74,AnyOtherPleaseSpecify,Missing Value,NaN,"Missing value in column ""AnyOtherPleaseSpecify""",conditional
75,AnyOtherPleaseSpecify,Missing Value,NaN,"Missing value in column ""AnyOtherPleaseSpecify""",conditional
76,AnyOtherPleaseSpecify,Missing Value,NaN,"Missing value in column ""AnyOtherPleaseSpecify""",conditional
77,AnyOtherPleaseSpecify,Missing Value,NaN,"Missing value in column ""AnyOtherPleaseSpecify""",conditional
78,AnyOtherPleaseSpecify,Missing Value,NaN,"Missing value in column ""AnyOtherPleaseSpecify""",conditional
79,AnyOtherPleaseSpecify,Missing Value,NaN,"Missing value in column ""AnyOtherPleaseSpecify""",conditional
80,AnyOtherPleaseSpecify,Missing Value,NaN,"Missing value in column ""AnyOtherPleaseSpecify""",conditional
81,AnyOtherPleaseSpecify,Missing Value,NaN,"Missing value in column ""AnyOtherPleaseSpecify""",conditional
82,AnyOtherPleaseSpecify,Missing Value,NaN,"Missing value in column ""AnyOtherPleaseSpecify""",conditional
83,AnyOtherPleaseSpecify,Missing Value,NaN,"Missing value in column ""AnyOtherPleaseSpecify""",conditional
84,AnyOtherPleaseSpecify,Missing Value,NaN,"Missing value in column ""AnyOtherPleaseSpecify""",conditional
85,AnyOtherPleaseSpecify,Missing Value,NaN,"Missing value in column ""AnyOtherPleaseSpecify""",conditional
86,AnyOtherPleaseSpecify,Missing Value,NaN,"Missing value in column ""AnyOtherPleaseSpecify""",conditional
87,AnyOtherPleaseSpecify,Missing Value,NaN,"Missing value in column ""AnyOtherPleaseSpecify""",conditional
88,AnyOtherPleaseSpecify,Missing Value,NaN,"Missing value in column ""AnyOtherPleaseSpecify""",conditional
89,AnyOtherPleaseSpecify,Missing Value,NaN,"Missing value in column ""AnyOtherPleaseSpecify""",conditional
90,AnyOtherPleaseSpecify,Missing Value,NaN,"Missing value in column ""AnyOtherPleaseSpecify""",conditional
91,AnyOtherPleaseSpecify,Missing Value,NaN,"Missing value in column ""AnyOtherPleaseSpecify""",conditional
92,AnyOtherPleaseSpecify,Missing Value,NaN,"Missing value in column ""AnyOtherPleaseSpecify""",conditional
93,AnyOtherPleaseSpecify,Missing Value,NaN,"Missing value in column ""AnyOtherPleaseSpecify""",conditional
94,AnyOtherPleaseSpecify,Missing Value,NaN,"Missing value in column ""AnyOtherPleaseSpecify""",conditional
95,AnyOtherPleaseSpecify,Missing Value,NaN,"Missing value in column ""AnyOtherPleaseSpecify""",conditional
96,AnyOtherPleaseSpecify,Missing Value,NaN,"Missing value in column ""AnyOtherPleaseSpecify""",conditional
97,AnyOtherPleaseSpecify,Missing Value,NaN,"Missing value in column ""AnyOtherPleaseSpecify""",conditional
98,AnyOtherPleaseSpecify,Missing Value,NaN,"Missing value in column ""AnyOtherPleaseSpecify""",conditional
99,AnyOtherPleaseSpecify,Missing Value,NaN,"Missing value in column ""AnyOtherPleaseSpecify""",conditional
100,AnyOtherPleaseSpecify,Missing Value,NaN,"Missing value in column ""AnyOtherPleaseSpecify""",conditional
101,AnyOtherPleaseSpecify,Missing Value,NaN,"Missing value in column ""AnyOtherPleaseSpecify""",conditional
102,AnyOtherPleaseSpecify,Missing Value,NaN,"Missing value in column ""AnyOtherPleaseSpecify""",conditional
103,AnyOtherPleaseSpecify,Missing Value,NaN,"Missing value in column ""AnyOtherPleaseSpecify""",conditional
104,AnyOtherPleaseSpecify,Missing Value,NaN,"Missing value in column ""AnyOtherPleaseSpecify""",conditional
105,AnyOtherPleaseSpecify,Missing Value,NaN,"Missing value in column ""AnyOtherPleaseSpecify""",conditional
106,AnyOtherPleaseSpecify,Missing Value,NaN,"Missing value in column ""AnyOtherPleaseSpecify""",conditional
107,AnyOtherPleaseSpecify,Missing Value,NaN,"Missing value in column ""AnyOtherPleaseSpecify""",conditional
108,AnyOtherPleaseSpecify,Missing Value,NaN,"Missing value in column ""AnyOtherPleaseSpecify""",conditional
109,AnyOtherPleaseSpecify,Missing Value,NaN,"Missing value in column ""AnyOtherPleaseSpecify""",conditional
110,AnyOtherPleaseSpecify,Missing Value,NaN,"Missing value in column ""AnyOtherPleaseSpecify""",conditional
111,AnyOtherPleaseSpecify,Missing Value,NaN,"Missing value in column ""AnyOtherPleaseSpecify""",conditional
112,AnyOtherPleaseSpecify,Missing Value,NaN,"Missing value in column ""AnyOtherPleaseSpecify""",conditional
113,AnyOtherPleaseSpecify,Missing Value,NaN,"Missing value in column ""AnyOtherPleaseSpecify""",conditional
114,AnyOtherPleaseSpecify,Missing Value,NaN,"Missing value in column ""AnyOtherPleaseSpecify""",conditional
115,AnyOtherPleaseSpecify,Missing Value,NaN,"Missing value in column ""AnyOtherPleaseSpecify""",conditional
116,AnyOtherPleaseSpecify,Missing Value,NaN,"Missing value in column ""AnyOtherPleaseSpecify""",conditional
117,AnyOtherPleaseSpecify,Missing Value,NaN,"Missing value in column ""AnyOtherPleaseSpecify""",conditional
118,AnyOtherPleaseSpecify,Missing Value,NaN,"Missing value in column ""AnyOtherPleaseSpecify""",conditional
119,AnyOtherPleaseSpecify,Missing Value,NaN,"Missing value in column ""AnyOtherPleaseSpecify""",conditional
120,AnyOtherPleaseSpecify,Missing Value,NaN,"Missing value in column ""AnyOtherPleaseSpecify""",conditional
6,IfUseClothDoYouRegularyWashClothPadWithSoapAndWater,Missing Value,NaN,"Missing value in column ""IfUseClothDoYouRegularyWashClothPadWithSoapAndWater""",conditional
7,IfUseClothDoYouRegularyWashClothPadWithSoapAndWater,Missing Value,NaN,"Missing value in column ""IfUseClothDoYouRegularyWashClothPadWithSoapAndWater""",conditional
10,IfUseClothDoYouRegularyWashClothPadWithSoapAndWater,Missing Value,NaN,"Missing value in column ""IfUseClothDoYouRegularyWashClothPadWithSoapAndWater""",conditional
11,IfUseClothDoYouRegularyWashClothPadWithSoapAndWater,Missing Value,NaN,"Missing value in column ""IfUseClothDoYouRegularyWashClothPadWithSoapAndWater""",conditional
16,IfUseClothDoYouRegularyWashClothPadWithSoapAndWater,Missing Value,NaN,"Missing value in column ""IfUseClothDoYouRegularyWashClothPadWithSoapAndWater""",conditional
17,IfUseClothDoYouRegularyWashClothPadWithSoapAndWater,Missing Value,NaN,"Missing value in column ""IfUseClothDoYouRegularyWashClothPadWithSoapAndWater""",conditional
18,IfUseClothDoYouRegularyWashClothPadWithSoapAndWater,Missing Value,NaN,"Missing value in column ""IfUseClothDoYouRegularyWashClothPadWithSoapAndWater""",conditional
19,IfUseClothDoYouRegularyWashClothPadWithSoapAndWater,Missing Value,NaN,"Missing value in column ""IfUseClothDoYouRegularyWashClothPadWithSoapAndWater""",conditional
20,IfUseClothDoYouRegularyWashClothPadWithSoapAndWater,Missing Value,NaN,"Missing value in column ""IfUseClothDoYouRegularyWashClothPadWithSoapAndWater""",conditional
22,IfUseClothDoYouRegularyWashClothPadWithSoapAndWater,Missing Value,NaN,"Missing value in column ""IfUseClothDoYouRegularyWashClothPadWithSoapAndWater""",conditional
28,IfUseClothDoYouRegularyWashClothPadWithSoapAndWater,Missing Value,NaN,"Missing value in column ""IfUseClothDoYouRegularyWashClothPadWithSoapAndWater""",conditional
29,IfUseClothDoYouRegularyWashClothPadWithSoapAndWater,Missing Value,NaN,"Missing value in column ""IfUseClothDoYouRegularyWashClothPadWithSoapAndWater""",conditional
40,IfUseClothDoYouRegularyWashClothPadWithSoapAndWater,Missing Value,NaN,"Missing value in column ""IfUseClothDoYouRegularyWashClothPadWithSoapAndWater""",conditional
45,IfUseClothDoYouRegularyWashClothPadWithSoapAndWater,Missing Value,NaN,"Missing value in column ""IfUseClothDoYouRegularyWashClothPadWithSoapAndWater""",conditional
52,IfUseClothDoYouRegularyWashClothPadWithSoapAndWater,Missing Value,NaN,"Missing value in column ""IfUseClothDoYouRegularyWashClothPadWithSoapAndWater""",conditional
54,IfUseClothDoYouRegularyWashClothPadWithSoapAndWater,Missing Value,NaN,"Missing value in column ""IfUseClothDoYouRegularyWashClothPadWithSoapAndWater""",conditional
56,IfUseClothDoYouRegularyWashClothPadWithSoapAndWater,Missing Value,NaN,"Missing value in column ""IfUseClothDoYouRegularyWashClothPadWithSoapAndWater""",conditional
58,IfUseClothDoYouRegularyWashClothPadWithSoapAndWater,Missing Value,NaN,"Missing value in column ""IfUseClothDoYouRegularyWashClothPadWithSoapAndWater""",conditional
60,IfUseClothDoYouRegularyWashClothPadWithSoapAndWater,Missing Value,NaN,"Missing value in column ""IfUseClothDoYouRegularyWashClothPadWithSoapAndWater""",conditional
61,IfUseClothDoYouRegularyWashClothPadWithSoapAndWater,Missing Value,NaN,"Missing value in column ""IfUseClothDoYouRegularyWashClothPadWithSoapAndWater""",conditional
64,IfUseClothDoYouRegularyWashClothPadWithSoapAndWater,Missing Value,NaN,"Missing value in column ""IfUseClothDoYouRegularyWashClothPadWithSoapAndWater""",conditional
67,IfUseClothDoYouRegularyWashClothPadWithSoapAndWater,Missing Value,NaN,"Missing value in column ""IfUseClothDoYouRegularyWashClothPadWithSoapAndWater""",conditional
68,IfUseClothDoYouRegularyWashClothPadWithSoapAndWater,Missing Value,NaN,"Missing value in column ""IfUseClothDoYouRegularyWashClothPadWithSoapAndWater""",conditional
69,IfUseClothDoYouRegularyWashClothPadWithSoapAndWater,Missing Value,NaN,"Missing value in column ""IfUseClothDoYouRegularyWashClothPadWithSoapAndWater""",conditional
70,IfUseClothDoYouRegularyWashClothPadWithSoapAndWater,Missing Value,NaN,"Missing value in column ""IfUseClothDoYouRegularyWashClothPadWithSoapAndWater""",conditional
81,IfUseClothDoYouRegularyWashClothPadWithSoapAndWater,Missing Value,NaN,"Missing value in column ""IfUseClothDoYouRegularyWashClothPadWithSoapAndWater""",conditional
83,IfUseClothDoYouRegularyWashClothPadWithSoapAndWater,Missing Value,NaN,"Missing value in column ""IfUseClothDoYouRegularyWashClothPadWithSoapAndWater""",conditional
84,IfUseClothDoYouRegularyWashClothPadWithSoapAndWater,Missing Value,NaN,"Missing value in column ""IfUseClothDoYouRegularyWashClothPadWithSoapAndWater""",conditional
93,IfUseClothDoYouRegularyWashClothPadWithSoapAndWater,Missing Value,NaN,"Missing value in column ""IfUseClothDoYouRegularyWashClothPadWithSoapAndWater""",conditional
101,IfUseClothDoYouRegularyWashClothPadWithSoapAndWater,Missing Value,NaN,"Missing value in column ""IfUseClothDoYouRegularyWashClothPadWithSoapAndWater""",conditional
105,IfUseClothDoYouRegularyWashClothPadWithSoapAndWater,Missing Value,NaN,"Missing value in column ""IfUseClothDoYouRegularyWashClothPadWithSoapAndWater""",conditional
110,IfUseClothDoYouRegularyWashClothPadWithSoapAndWater,Missing Value,NaN,"Missing value in column ""IfUseClothDoYouRegularyWashClothPadWithSoapAndWater""",conditional
111,IfUseClothDoYouRegularyWashClothPadWithSoapAndWater,Missing Value,NaN,"Missing value in column ""IfUseClothDoYouRegularyWashClothPadWithSoapAndWater""",conditional
112,IfUseClothDoYouRegularyWashClothPadWithSoapAndWater,Missing Value,NaN,"Missing value in column ""IfUseClothDoYouRegularyWashClothPadWithSoapAndWater""",conditional
115,IfUseClothDoYouRegularyWashClothPadWithSoapAndWater,Missing Value,NaN,"Missing value in column ""IfUseClothDoYouRegularyWashClothPadWithSoapAndWater""",conditional
116,IfUseClothDoYouRegularyWashClothPadWithSoapAndWater,Missing Value,NaN,"Missing value in column ""IfUseClothDoYouRegularyWashClothPadWithSoapAndWater""",conditional
118,IfUseClothDoYouRegularyWashClothPadWithSoapAndWater,Missing Value,NaN,"Missing value in column ""IfUseClothDoYouRegularyWashClothPadWithSoapAndWater""",conditional
119,IfUseClothDoYouRegularyWashClothPadWithSoapAndWater,Missing Value,NaN,"Missing value in column ""IfUseClothDoYouRegularyWashClothPadWithSoapAndWater""",conditional
120,IfUseClothDoYouRegularyWashClothPadWithSoapAndWater,Missing Value,NaN,"Missing value in column ""IfUseClothDoYouRegularyWashClothPadWithSoapAndWater""",conditional
6,DoYouDryTheClothINSun,Missing Value,NaN,"Missing value in column ""DoYouDryTheClothINSun""",conditional
7,DoYouDryTheClothINSun,Missing Value,NaN,"Missing value in column ""DoYouDryTheClothINSun""",conditional
10,DoYouDryTheClothINSun,Missing Value,NaN,"Missing value in column ""DoYouDryTheClothINSun""",conditional
11,DoYouDryTheClothINSun,Missing Value,NaN,"Missing value in column ""DoYouDryTheClothINSun""",conditional
16,DoYouDryTheClothINSun,Missing Value,NaN,"Missing value in column ""DoYouDryTheClothINSun""",conditional
17,DoYouDryTheClothINSun,Missing Value,NaN,"Missing value in column ""DoYouDryTheClothINSun""",conditional
18,DoYouDryTheClothINSun,Missing Value,NaN,"Missing value in column ""DoYouDryTheClothINSun""",conditional
19,DoYouDryTheClothINSun,Missing Value,NaN,"Missing value in column ""DoYouDryTheClothINSun""",conditional
20,DoYouDryTheClothINSun,Missing Value,NaN,"Missing value in column ""DoYouDryTheClothINSun""",conditional
22,DoYouDryTheClothINSun,Missing Value,NaN,"Missing value in column ""DoYouDryTheClothINSun""",conditional
28,DoYouDryTheClothINSun,Missing Value,NaN,"Missing value in column ""DoYouDryTheClothINSun""",conditional
29,DoYouDryTheClothINSun,Missing Value,NaN,"Missing value in column ""DoYouDryTheClothINSun""",conditional
40,DoYouDryTheClothINSun,Missing Value,NaN,"Missing value in column ""DoYouDryTheClothINSun""",conditional
45,DoYouDryTheClothINSun,Missing Value,NaN,"Missing value in column ""DoYouDryTheClothINSun""",conditional
52,DoYouDryTheClothINSun,Missing Value,NaN,"Missing value in column ""DoYouDryTheClothINSun""",conditional
54,DoYouDryTheClothINSun,Missing Value,NaN,"Missing value in column ""DoYouDryTheClothINSun""",conditional
56,DoYouDryTheClothINSun,Missing Value,NaN,"Missing value in column ""DoYouDryTheClothINSun""",conditional
58,DoYouDryTheClothINSun,Missing Value,NaN,"Missing value in column ""DoYouDryTheClothINSun""",conditional
60,DoYouDryTheClothINSun,Missing Value,NaN,"Missing value in column ""DoYouDryTheClothINSun""",conditional
61,DoYouDryTheClothINSun,Missing Value,NaN,"Missing value in column ""DoYouDryTheClothINSun""",conditional
64,DoYouDryTheClothINSun,Missing Value,NaN,"Missing value in column ""DoYouDryTheClothINSun""",conditional
67,DoYouDryTheClothINSun,Missing Value,NaN,"Missing value in column ""DoYouDryTheClothINSun""",conditional
68,DoYouDryTheClothINSun,Missing Value,NaN,"Missing value in column ""DoYouDryTheClothINSun""",conditional
69,DoYouDryTheClothINSun,Missing Value,NaN,"Missing value in column ""DoYouDryTheClothINSun""",conditional
70,DoYouDryTheClothINSun,Missing Value,NaN,"Missing value in column ""DoYouDryTheClothINSun""",conditional
81,DoYouDryTheClothINSun,Missing Value,NaN,"Missing value in column ""DoYouDryTheClothINSun""",conditional
83,DoYouDryTheClothINSun,Missing Value,NaN,"Missing value in column ""DoYouDryTheClothINSun""",conditional
84,DoYouDryTheClothINSun,Missing Value,NaN,"Missing value in column ""DoYouDryTheClothINSun""",conditional
93,DoYouDryTheClothINSun,Missing Value,NaN,"Missing value in column ""DoYouDryTheClothINSun""",conditional
101,DoYouDryTheClothINSun,Missing Value,NaN,"Missing value in column ""DoYouDryTheClothINSun""",conditional
105,DoYouDryTheClothINSun,Missing Value,NaN,"Missing value in column ""DoYouDryTheClothINSun""",conditional
110,DoYouDryTheClothINSun,Missing Value,NaN,"Missing value in column ""DoYouDryTheClothINSun""",conditional
111,DoYouDryTheClothINSun,Missing Value,NaN,"Missing value in column ""DoYouDryTheClothINSun""",conditional
112,DoYouDryTheClothINSun,Missing Value,NaN,"Missing value in column ""DoYouDryTheClothINSun""",conditional
115,DoYouDryTheClothINSun,Missing Value,NaN,"Missing value in column ""DoYouDryTheClothINSun""",conditional
116,DoYouDryTheClothINSun,Missing Value,NaN,"Missing value in column ""DoYouDryTheClothINSun""",conditional
118,DoYouDryTheClothINSun,Missing Value,NaN,"Missing value in column ""DoYouDryTheClothINSun""",conditional
119,DoYouDryTheClothINSun,Missing Value,NaN,"Missing value in column ""DoYouDryTheClothINSun""",conditional
120,DoYouDryTheClothINSun,Missing Value,NaN,"Missing value in column ""DoYouDryTheClothINSun""",conditional
6,FaceAnyProblemDuringWashingandDryingClothUsedForMensturation,Missing Value,NaN,"Missing value in column ""FaceAnyProblemDuringWashingandDryingClothUsedForMensturation""",conditional
7,FaceAnyProblemDuringWashingandDryingClothUsedForMensturation,Missing Value,NaN,"Missing value in column ""FaceAnyProblemDuringWashingandDryingClothUsedForMensturation""",conditional
10,FaceAnyProblemDuringWashingandDryingClothUsedForMensturation,Missing Value,NaN,"Missing value in column ""FaceAnyProblemDuringWashingandDryingClothUsedForMensturation""",conditional
11,FaceAnyProblemDuringWashingandDryingClothUsedForMensturation,Missing Value,NaN,"Missing value in column ""FaceAnyProblemDuringWashingandDryingClothUsedForMensturation""",conditional
16,FaceAnyProblemDuringWashingandDryingClothUsedForMensturation,Missing Value,NaN,"Missing value in column ""FaceAnyProblemDuringWashingandDryingClothUsedForMensturation""",conditional
17,FaceAnyProblemDuringWashingandDryingClothUsedForMensturation,Missing Value,NaN,"Missing value in column ""FaceAnyProblemDuringWashingandDryingClothUsedForMensturation""",conditional
18,FaceAnyProblemDuringWashingandDryingClothUsedForMensturation,Missing Value,NaN,"Missing value in column ""FaceAnyProblemDuringWashingandDryingClothUsedForMensturation""",conditional
19,FaceAnyProblemDuringWashingandDryingClothUsedForMensturation,Missing Value,NaN,"Missing value in column ""FaceAnyProblemDuringWashingandDryingClothUsedForMensturation""",conditional
20,FaceAnyProblemDuringWashingandDryingClothUsedForMensturation,Missing Value,NaN,"Missing value in column ""FaceAnyProblemDuringWashingandDryingClothUsedForMensturation""",conditional
22,FaceAnyProblemDuringWashingandDryingClothUsedForMensturation,Missing Value,NaN,"Missing value in column ""FaceAnyProblemDuringWashingandDryingClothUsedForMensturation""",conditional
28,FaceAnyProblemDuringWashingandDryingClothUsedForMensturation,Missing Value,NaN,"Missing value in column ""FaceAnyProblemDuringWashingandDryingClothUsedForMensturation""",conditional
29,FaceAnyProblemDuringWashingandDryingClothUsedForMensturation,Missing Value,NaN,"Missing value in column ""FaceAnyProblemDuringWashingandDryingClothUsedForMensturation""",conditional
40,FaceAnyProblemDuringWashingandDryingClothUsedForMensturation,Missing Value,NaN,"Missing value in column ""FaceAnyProblemDuringWashingandDryingClothUsedForMensturation""",conditional
45,FaceAnyProblemDuringWashingandDryingClothUsedForMensturation,Missing Value,NaN,"Missing value in column ""FaceAnyProblemDuringWashingandDryingClothUsedForMensturation""",conditional
52,FaceAnyProblemDuringWashingandDryingClothUsedForMensturation,Missing Value,NaN,"Missing value in column ""FaceAnyProblemDuringWashingandDryingClothUsedForMensturation""",conditional
54,FaceAnyProblemDuringWashingandDryingClothUsedForMensturation,Missing Value,NaN,"Missing value in column ""FaceAnyProblemDuringWashingandDryingClothUsedForMensturation""",conditional
56,FaceAnyProblemDuringWashingandDryingClothUsedForMensturation,Missing Value,NaN,"Missing value in column ""FaceAnyProblemDuringWashingandDryingClothUsedForMensturation""",conditional
58,FaceAnyProblemDuringWashingandDryingClothUsedForMensturation,Missing Value,NaN,"Missing value in column ""FaceAnyProblemDuringWashingandDryingClothUsedForMensturation""",conditional
60,FaceAnyProblemDuringWashingandDryingClothUsedForMensturation,Missing Value,NaN,"Missing value in column ""FaceAnyProblemDuringWashingandDryingClothUsedForMensturation""",conditional
61,FaceAnyProblemDuringWashingandDryingClothUsedForMensturation,Missing Value,NaN,"Missing value in column ""FaceAnyProblemDuringWashingandDryingClothUsedForMensturation""",conditional
64,FaceAnyProblemDuringWashingandDryingClothUsedForMensturation,Missing Value,NaN,"Missing value in column ""FaceAnyProblemDuringWashingandDryingClothUsedForMensturation""",conditional
67,FaceAnyProblemDuringWashingandDryingClothUsedForMensturation,Missing Value,NaN,"Missing value in column ""FaceAnyProblemDuringWashingandDryingClothUsedForMensturation""",conditional
68,FaceAnyProblemDuringWashingandDryingClothUsedForMensturation,Missing Value,NaN,"Missing value in column ""FaceAnyProblemDuringWashingandDryingClothUsedForMensturation""",conditional
69,FaceAnyProblemDuringWashingandDryingClothUsedForMensturation,Missing Value,NaN,"Missing value in column ""FaceAnyProblemDuringWashingandDryingClothUsedForMensturation""",conditional
70,FaceAnyProblemDuringWashingandDryingClothUsedForMensturation,Missing Value,NaN,"Missing value in column ""FaceAnyProblemDuringWashingandDryingClothUsedForMensturation""",conditional
81,FaceAnyProblemDuringWashingandDryingClothUsedForMensturation,Missing Value,NaN,"Missing value in column ""FaceAnyProblemDuringWashingandDryingClothUsedForMensturation""",conditional
83,FaceAnyProblemDuringWashingandDryingClothUsedForMensturation,Missing Value,NaN,"Missing value in column ""FaceAnyProblemDuringWashingandDryingClothUsedForMensturation""",conditional
84,FaceAnyProblemDuringWashingandDryingClothUsedForMensturation,Missing Value,NaN,"Missing value in column ""FaceAnyProblemDuringWashingandDryingClothUsedForMensturation""",conditional
93,FaceAnyProblemDuringWashingandDryingClothUsedForMensturation,Missing Value,NaN,"Missing value in column ""FaceAnyProblemDuringWashingandDryingClothUsedForMensturation""",conditional
101,FaceAnyProblemDuringWashingandDryingClothUsedForMensturation,Missing Value,NaN,"Missing value in column ""FaceAnyProblemDuringWashingandDryingClothUsedForMensturation""",conditional
105,FaceAnyProblemDuringWashingandDryingClothUsedForMensturation,Missing Value,NaN,"Missing value in column ""FaceAnyProblemDuringWashingandDryingClothUsedForMensturation""",conditional
110,FaceAnyProblemDuringWashingandDryingClothUsedForMensturation,Missing Value,NaN,"Missing value in column ""FaceAnyProblemDuringWashingandDryingClothUsedForMensturation""",conditional
111,FaceAnyProblemDuringWashingandDryingClothUsedForMensturation,Missing Value,NaN,"Missing value in column ""FaceAnyProblemDuringWashingandDryingClothUsedForMensturation""",conditional
112,FaceAnyProblemDuringWashingandDryingClothUsedForMensturation,Missing Value,NaN,"Missing value in column ""FaceAnyProblemDuringWashingandDryingClothUsedForMensturation""",conditional
115,FaceAnyProblemDuringWashingandDryingClothUsedForMensturation,Missing Value,NaN,"Missing value in column ""FaceAnyProblemDuringWashingandDryingClothUsedForMensturation""",conditional
116,FaceAnyProblemDuringWashingandDryingClothUsedForMensturation,Missing Value,NaN,"Missing value in column ""FaceAnyProblemDuringWashingandDryingClothUsedForMensturation""",conditional
118,FaceAnyProblemDuringWashingandDryingClothUsedForMensturation,Missing Value,NaN,"Missing value in column ""FaceAnyProblemDuringWashingandDryingClothUsedForMensturation""",conditional
119,FaceAnyProblemDuringWashingandDryingClothUsedForMensturation,Missing Value,NaN,"Missing value in column ""FaceAnyProblemDuringWashingandDryingClothUsedForMensturation""",conditional
120,FaceAnyProblemDuringWashingandDryingClothUsedForMensturation,Missing Value,NaN,"Missing value in column ""FaceAnyProblemDuringWashingandDryingClothUsedForMensturation""",conditional
1,TypeOfProblemFaceWhileWashingAndDryingCloth,Missing Value,NaN,"Missing value in column ""TypeOfProblemFaceWhileWashingAndDryingCloth""",conditional
2,TypeOfProblemFaceWhileWashingAndDryingCloth,Missing Value,NaN,"Missing value in column ""TypeOfProblemFaceWhileWashingAndDryingCloth""",conditional
3,TypeOfProblemFaceWhileWashingAndDryingCloth,Missing Value,NaN,"Missing value in column ""TypeOfProblemFaceWhileWashingAndDryingCloth""",conditional
4,TypeOfProblemFaceWhileWashingAndDryingCloth,Missing Value,NaN,"Missing value in column ""TypeOfProblemFaceWhileWashingAndDryingCloth""",conditional
5,TypeOfProblemFaceWhileWashingAndDryingCloth,Missing Value,NaN,"Missing value in column ""TypeOfProblemFaceWhileWashingAndDryingCloth""",conditional
6,TypeOfProblemFaceWhileWashingAndDryingCloth,Missing Value,NaN,"Missing value in column ""TypeOfProblemFaceWhileWashingAndDryingCloth""",conditional
7,TypeOfProblemFaceWhileWashingAndDryingCloth,Missing Value,NaN,"Missing value in column ""TypeOfProblemFaceWhileWashingAndDryingCloth""",conditional
10,TypeOfProblemFaceWhileWashingAndDryingCloth,Missing Value,NaN,"Missing value in column ""TypeOfProblemFaceWhileWashingAndDryingCloth""",conditional
11,TypeOfProblemFaceWhileWashingAndDryingCloth,Missing Value,NaN,"Missing value in column ""TypeOfProblemFaceWhileWashingAndDryingCloth""",conditional
16,TypeOfProblemFaceWhileWashingAndDryingCloth,Missing Value,NaN,"Missing value in column ""TypeOfProblemFaceWhileWashingAndDryingCloth""",conditional
17,TypeOfProblemFaceWhileWashingAndDryingCloth,Missing Value,NaN,"Missing value in column ""TypeOfProblemFaceWhileWashingAndDryingCloth""",conditional
18,TypeOfProblemFaceWhileWashingAndDryingCloth,Missing Value,NaN,"Missing value in column ""TypeOfProblemFaceWhileWashingAndDryingCloth""",conditional
19,TypeOfProblemFaceWhileWashingAndDryingCloth,Missing Value,NaN,"Missing value in column ""TypeOfProblemFaceWhileWashingAndDryingCloth""",conditional
20,TypeOfProblemFaceWhileWashingAndDryingCloth,Missing Value,NaN,"Missing value in column ""TypeOfProblemFaceWhileWashingAndDryingCloth""",conditional
22,TypeOfProblemFaceWhileWashingAndDryingCloth,Missing Value,NaN,"Missing value in column ""TypeOfProblemFaceWhileWashingAndDryingCloth""",conditional
28,TypeOfProblemFaceWhileWashingAndDryingCloth,Missing Value,NaN,"Missing value in column ""TypeOfProblemFaceWhileWashingAndDryingCloth""",conditional
29,TypeOfProblemFaceWhileWashingAndDryingCloth,Missing Value,NaN,"Missing value in column ""TypeOfProblemFaceWhileWashingAndDryingCloth""",conditional
30,TypeOfProblemFaceWhileWashingAndDryingCloth,Missing Value,NaN,"Missing value in column ""TypeOfProblemFaceWhileWashingAndDryingCloth""",conditional
32,TypeOfProblemFaceWhileWashingAndDryingCloth,Missing Value,NaN,"Missing value in column ""TypeOfProblemFaceWhileWashingAndDryingCloth""",conditional
34,TypeOfProblemFaceWhileWashingAndDryingCloth,Missing Value,NaN,"Missing value in column ""TypeOfProblemFaceWhileWashingAndDryingCloth""",conditional
36,TypeOfProblemFaceWhileWashingAndDryingCloth,Missing Value,NaN,"Missing value in column ""TypeOfProblemFaceWhileWashingAndDryingCloth""",conditional
37,TypeOfProblemFaceWhileWashingAndDryingCloth,Missing Value,NaN,"Missing value in column ""TypeOfProblemFaceWhileWashingAndDryingCloth""",conditional
38,TypeOfProblemFaceWhileWashingAndDryingCloth,Missing Value,NaN,"Missing value in column ""TypeOfProblemFaceWhileWashingAndDryingCloth""",conditional
39,TypeOfProblemFaceWhileWashingAndDryingCloth,Missing Value,NaN,"Missing value in column ""TypeOfProblemFaceWhileWashingAndDryingCloth""",conditional
40,TypeOfProblemFaceWhileWashingAndDryingCloth,Missing Value,NaN,"Missing value in column ""TypeOfProblemFaceWhileWashingAndDryingCloth""",conditional
41,TypeOfProblemFaceWhileWashingAndDryingCloth,Missing Value,NaN,"Missing value in column ""TypeOfProblemFaceWhileWashingAndDryingCloth""",conditional
45,TypeOfProblemFaceWhileWashingAndDryingCloth,Missing Value,NaN,"Missing value in column ""TypeOfProblemFaceWhileWashingAndDryingCloth""",conditional
46,TypeOfProblemFaceWhileWashingAndDryingCloth,Missing Value,NaN,"Missing value in column ""TypeOfProblemFaceWhileWashingAndDryingCloth""",conditional
50,TypeOfProblemFaceWhileWashingAndDryingCloth,Missing Value,NaN,"Missing value in column ""TypeOfProblemFaceWhileWashingAndDryingCloth""",conditional
51,TypeOfProblemFaceWhileWashingAndDryingCloth,Missing Value,NaN,"Missing value in column ""TypeOfProblemFaceWhileWashingAndDryingCloth""",conditional
52,TypeOfProblemFaceWhileWashingAndDryingCloth,Missing Value,NaN,"Missing value in column ""TypeOfProblemFaceWhileWashingAndDryingCloth""",conditional
53,TypeOfProblemFaceWhileWashingAndDryingCloth,Missing Value,NaN,"Missing value in column ""TypeOfProblemFaceWhileWashingAndDryingCloth""",conditional
54,TypeOfProblemFaceWhileWashingAndDryingCloth,Missing Value,NaN,"Missing value in column ""TypeOfProblemFaceWhileWashingAndDryingCloth""",conditional
56,TypeOfProblemFaceWhileWashingAndDryingCloth,Missing Value,NaN,"Missing value in column ""TypeOfProblemFaceWhileWashingAndDryingCloth""",conditional
57,TypeOfProblemFaceWhileWashingAndDryingCloth,Missing Value,NaN,"Missing value in column ""TypeOfProblemFaceWhileWashingAndDryingCloth""",conditional
58,TypeOfProblemFaceWhileWashingAndDryingCloth,Missing Value,NaN,"Missing value in column ""TypeOfProblemFaceWhileWashingAndDryingCloth""",conditional
60,TypeOfProblemFaceWhileWashingAndDryingCloth,Missing Value,NaN,"Missing value in column ""TypeOfProblemFaceWhileWashingAndDryingCloth""",conditional
61,TypeOfProblemFaceWhileWashingAndDryingCloth,Missing Value,NaN,"Missing value in column ""TypeOfProblemFaceWhileWashingAndDryingCloth""",conditional
62,TypeOfProblemFaceWhileWashingAndDryingCloth,Missing Value,NaN,"Missing value in column ""TypeOfProblemFaceWhileWashingAndDryingCloth""",conditional
63,TypeOfProblemFaceWhileWashingAndDryingCloth,Missing Value,NaN,"Missing value in column ""TypeOfProblemFaceWhileWashingAndDryingCloth""",conditional
64,TypeOfProblemFaceWhileWashingAndDryingCloth,Missing Value,NaN,"Missing value in column ""TypeOfProblemFaceWhileWashingAndDryingCloth""",conditional
66,TypeOfProblemFaceWhileWashingAndDryingCloth,Missing Value,NaN,"Missing value in column ""TypeOfProblemFaceWhileWashingAndDryingCloth""",conditional
67,TypeOfProblemFaceWhileWashingAndDryingCloth,Missing Value,NaN,"Missing value in column ""TypeOfProblemFaceWhileWashingAndDryingCloth""",conditional
68,TypeOfProblemFaceWhileWashingAndDryingCloth,Missing Value,NaN,"Missing value in column ""TypeOfProblemFaceWhileWashingAndDryingCloth""",conditional
69,TypeOfProblemFaceWhileWashingAndDryingCloth,Missing Value,NaN,"Missing value in column ""TypeOfProblemFaceWhileWashingAndDryingCloth""",conditional
70,TypeOfProblemFaceWhileWashingAndDryingCloth,Missing Value,NaN,"Missing value in column ""TypeOfProblemFaceWhileWashingAndDryingCloth""",conditional
72,TypeOfProblemFaceWhileWashingAndDryingCloth,Missing Value,NaN,"Missing value in column ""TypeOfProblemFaceWhileWashingAndDryingCloth""",conditional
73,TypeOfProblemFaceWhileWashingAndDryingCloth,Missing Value,NaN,"Missing value in column ""TypeOfProblemFaceWhileWashingAndDryingCloth""",conditional
74,TypeOfProblemFaceWhileWashingAndDryingCloth,Missing Value,NaN,"Missing value in column ""TypeOfProblemFaceWhileWashingAndDryingCloth""",conditional
75,TypeOfProblemFaceWhileWashingAndDryingCloth,Missing Value,NaN,"Missing value in column ""TypeOfProblemFaceWhileWashingAndDryingCloth""",conditional
76,TypeOfProblemFaceWhileWashingAndDryingCloth,Missing Value,NaN,"Missing value in column ""TypeOfProblemFaceWhileWashingAndDryingCloth""",conditional
77,TypeOfProblemFaceWhileWashingAndDryingCloth,Missing Value,NaN,"Missing value in column ""TypeOfProblemFaceWhileWashingAndDryingCloth""",conditional
78,TypeOfProblemFaceWhileWashingAndDryingCloth,Missing Value,NaN,"Missing value in column ""TypeOfProblemFaceWhileWashingAndDryingCloth""",conditional
79,TypeOfProblemFaceWhileWashingAndDryingCloth,Missing Value,NaN,"Missing value in column ""TypeOfProblemFaceWhileWashingAndDryingCloth""",conditional
80,TypeOfProblemFaceWhileWashingAndDryingCloth,Missing Value,NaN,"Missing value in column ""TypeOfProblemFaceWhileWashingAndDryingCloth""",conditional
81,TypeOfProblemFaceWhileWashingAndDryingCloth,Missing Value,NaN,"Missing value in column ""TypeOfProblemFaceWhileWashingAndDryingCloth""",conditional
82,TypeOfProblemFaceWhileWashingAndDryingCloth,Missing Value,NaN,"Missing value in column ""TypeOfProblemFaceWhileWashingAndDryingCloth""",conditional
83,TypeOfProblemFaceWhileWashingAndDryingCloth,Missing Value,NaN,"Missing value in column ""TypeOfProblemFaceWhileWashingAndDryingCloth""",conditional
84,TypeOfProblemFaceWhileWashingAndDryingCloth,Missing Value,NaN,"Missing value in column ""TypeOfProblemFaceWhileWashingAndDryingCloth""",conditional
85,TypeOfProblemFaceWhileWashingAndDryingCloth,Missing Value,NaN,"Missing value in column ""TypeOfProblemFaceWhileWashingAndDryingCloth""",conditional
86,TypeOfProblemFaceWhileWashingAndDryingCloth,Missing Value,NaN,"Missing value in column ""TypeOfProblemFaceWhileWashingAndDryingCloth""",conditional
89,TypeOfProblemFaceWhileWashingAndDryingCloth,Missing Value,NaN,"Missing value in column ""TypeOfProblemFaceWhileWashingAndDryingCloth""",conditional
90,TypeOfProblemFaceWhileWashingAndDryingCloth,Missing Value,NaN,"Missing value in column ""TypeOfProblemFaceWhileWashingAndDryingCloth""",conditional
91,TypeOfProblemFaceWhileWashingAndDryingCloth,Missing Value,NaN,"Missing value in column ""TypeOfProblemFaceWhileWashingAndDryingCloth""",conditional
92,TypeOfProblemFaceWhileWashingAndDryingCloth,Missing Value,NaN,"Missing value in column ""TypeOfProblemFaceWhileWashingAndDryingCloth""",conditional
93,TypeOfProblemFaceWhileWashingAndDryingCloth,Missing Value,NaN,"Missing value in column ""TypeOfProblemFaceWhileWashingAndDryingCloth""",conditional
94,TypeOfProblemFaceWhileWashingAndDryingCloth,Missing Value,NaN,"Missing value in column ""TypeOfProblemFaceWhileWashingAndDryingCloth""",conditional
95,TypeOfProblemFaceWhileWashingAndDryingCloth,Missing Value,NaN,"Missing value in column ""TypeOfProblemFaceWhileWashingAndDryingCloth""",conditional
96,TypeOfProblemFaceWhileWashingAndDryingCloth,Missing Value,NaN,"Missing value in column ""TypeOfProblemFaceWhileWashingAndDryingCloth""",conditional
97,TypeOfProblemFaceWhileWashingAndDryingCloth,Missing Value,NaN,"Missing value in column ""TypeOfProblemFaceWhileWashingAndDryingCloth""",conditional
98,TypeOfProblemFaceWhileWashingAndDryingCloth,Missing Value,NaN,"Missing value in column ""TypeOfProblemFaceWhileWashingAndDryingCloth""",conditional
99,TypeOfProblemFaceWhileWashingAndDryingCloth,Missing Value,NaN,"Missing value in column ""TypeOfProblemFaceWhileWashingAndDryingCloth""",conditional
100,TypeOfProblemFaceWhileWashingAndDryingCloth,Missing Value,NaN,"Missing value in column ""TypeOfProblemFaceWhileWashingAndDryingCloth""",conditional
101,TypeOfProblemFaceWhileWashingAndDryingCloth,Missing Value,NaN,"Missing value in column ""TypeOfProblemFaceWhileWashingAndDryingCloth""",conditional
103,TypeOfProblemFaceWhileWashingAndDryingCloth,Missing Value,NaN,"Missing value in column ""TypeOfProblemFaceWhileWashingAndDryingCloth""",conditional
104,TypeOfProblemFaceWhileWashingAndDryingCloth,Missing Value,NaN,"Missing value in column ""TypeOfProblemFaceWhileWashingAndDryingCloth""",conditional
105,TypeOfProblemFaceWhileWashingAndDryingCloth,Missing Value,NaN,"Missing value in column ""TypeOfProblemFaceWhileWashingAndDryingCloth""",conditional
106,TypeOfProblemFaceWhileWashingAndDryingCloth,Missing Value,NaN,"Missing value in column ""TypeOfProblemFaceWhileWashingAndDryingCloth""",conditional
107,TypeOfProblemFaceWhileWashingAndDryingCloth,Missing Value,NaN,"Missing value in column ""TypeOfProblemFaceWhileWashingAndDryingCloth""",conditional
108,TypeOfProblemFaceWhileWashingAndDryingCloth,Missing Value,NaN,"Missing value in column ""TypeOfProblemFaceWhileWashingAndDryingCloth""",conditional
109,TypeOfProblemFaceWhileWashingAndDryingCloth,Missing Value,NaN,"Missing value in column ""TypeOfProblemFaceWhileWashingAndDryingCloth""",conditional
110,TypeOfProblemFaceWhileWashingAndDryingCloth,Missing Value,NaN,"Missing value in column ""TypeOfProblemFaceWhileWashingAndDryingCloth""",conditional
111,TypeOfProblemFaceWhileWashingAndDryingCloth,Missing Value,NaN,"Missing value in column ""TypeOfProblemFaceWhileWashingAndDryingCloth""",conditional
112,TypeOfProblemFaceWhileWashingAndDryingCloth,Missing Value,NaN,"Missing value in column ""TypeOfProblemFaceWhileWashingAndDryingCloth""",conditional
113,TypeOfProblemFaceWhileWashingAndDryingCloth,Missing Value,NaN,"Missing value in column ""TypeOfProblemFaceWhileWashingAndDryingCloth""",conditional
114,TypeOfProblemFaceWhileWashingAndDryingCloth,Missing Value,NaN,"Missing value in column ""TypeOfProblemFaceWhileWashingAndDryingCloth""",conditional
115,TypeOfProblemFaceWhileWashingAndDryingCloth,Missing Value,NaN,"Missing value in column ""TypeOfProblemFaceWhileWashingAndDryingCloth""",conditional
116,TypeOfProblemFaceWhileWashingAndDryingCloth,Missing Value,NaN,"Missing value in column ""TypeOfProblemFaceWhileWashingAndDryingCloth""",conditional
117,TypeOfProblemFaceWhileWashingAndDryingCloth,Missing Value,NaN,"Missing value in column ""TypeOfProblemFaceWhileWashingAndDryingCloth""",conditional
118,TypeOfProblemFaceWhileWashingAndDryingCloth,Missing Value,NaN,"Missing value in column ""TypeOfProblemFaceWhileWashingAndDryingCloth""",conditional
119,TypeOfProblemFaceWhileWashingAndDryingCloth,Missing Value,NaN,"Missing value in column ""TypeOfProblemFaceWhileWashingAndDryingCloth""",conditional
120,TypeOfProblemFaceWhileWashingAndDryingCloth,Missing Value,NaN,"Missing value in column ""TypeOfProblemFaceWhileWashingAndDryingCloth""",conditional
2,UsePaperToDisposeThePadByWrapping,Missing Value,NaN,"Missing value in column ""UsePaperToDisposeThePadByWrapping""",core
3,UsePaperToDisposeThePadByWrapping,Missing Value,NaN,"Missing value in column ""UsePaperToDisposeThePadByWrapping""",core
4,UsePaperToDisposeThePadByWrapping,Missing Value,NaN,"Missing value in column ""UsePaperToDisposeThePadByWrapping""",core
5,UsePaperToDisposeThePadByWrapping,Missing Value,NaN,"Missing value in column ""UsePaperToDisposeThePadByWrapping""",core
13,WhereDisposeTheUsedPads,Missing Value,NaN,"Missing value in column ""WhereDisposeTheUsedPads""",core
